feature,mean_spearman_rho,median_spearman_rho,mean_abs_spearman_rho,positive_group_count_rho_gt_0_7,negative_group_count_rho_lt_neg_0_7,significant_group_count_p_lt_0_05
average_electron_energy_ev,0.9999999999999998,0.9999999999999998,0.9999999999999998,21,0,21
equivalent_electron_temperature_ev,0.9999999999999998,0.9999999999999998,0.9999999999999998,21,0,21
total_power_loss_ev_cm3_per_s,0.9999999999999998,0.9999999999999998,0.9999999999999998,21,0,21
updated_electron_density_per_cc,0.7563600639412209,0.7553332941443768,0.7563600639412209,21,0,21
ionization_coefficient_per_cm,0.6998412165263269,0.6527093596059111,0.6998412165263269,6,0,21
drift_velocity_cm_per_s,0.6938775510204079,0.6600985221674875,0.6938775510204079,6,0,21
mobility_cm2_per_v_s,-0.2597015016152363,-0.18177339901477826,0.2597015016152363,0,2,2
